id,x,y,d,t,s,r,o,h,k,j,m,b,v,f,p,c
4124,41.334265,-72.900609,14231808,12:40,A,2.0,STATE STREET,,['Pedestrian'],S,0,35.0,False,False,1,0
8555,41.347714,-72.934389,14274144,19:59,A,4.0,CIRCULAR AVE,GORHAM AV,['Pedestrian'],E,99,25.0,True,,1,0
29371,41.314237,-72.943333,14211936,08:53,A,4.0,SHERMAN AVE,MAPLE ST,['Driver'],N,0,,True,True,0,0
30371,41.3042,-72.9309,14241312,17:01,A,4.0,COLLEGE ST,NORTH FRONTAGE RD,['Pedestrian'],W,0,25.0,False,False,1,0
31050,41.313823,-72.92502,14256864,16:30,A,4.0,TRUMBULL ST,PROSPECT ST,['Bicyclist'],N,0,25.0,False,False,0,1
31050,41.313823,-72.92502,14256864,16:30,A,4.0,TRUMBULL ST,PROSPECT ST,['Bicyclist'],E,0,25.0,False,False,0,1
32190,41.318495,-72.947534,14311296,20:46,A,4.0,431 WHALLEY AVE,ELLSWORTH AV,['Bicyclist'],S,0,25.0,False,False,0,1
32190,41.318495,-72.947534,14311296,20:46,A,4.0,431 WHALLEY AVE,ELLSWORTH AV,['Bicyclist'],N,0,25.0,False,False,0,1
32190,41.318495,-72.947534,14311296,20:46,A,4.0,431 WHALLEY AVE,ELLSWORTH AV,['Bicyclist'],S,0,25.0,False,False,0,1
32191,41.317946,-72.927262,14311296,21:35,A,4.0,130 WINCHESTER AVE,WEBSTER ST,['Pedestrian'],N,0,25.0,False,False,1,0
36096,41.293095,-72.941681,14256000,08:42,A,4.0,113 TRUMAN ST.,,['Pedestrian'],W,0,,False,False,1,0
36096,41.293095,-72.941681,14256000,08:42,A,4.0,113 TRUMAN ST.,,['Pedestrian'],,0,,False,False,1,0
36102,41.304341,-72.894472,14265504,12:01,A,4.0, FERRY ST,CHAPEL ST,['Pedestrian'],W,97,25.0,False,False,1,0
36277,41.292365,-72.940137,14321664,19:05,A,4.0,698 WASHINGTON AVE,,['Bicyclist'],W,0,25.0,False,False,0,1
36277,41.292365,-72.940137,14321664,19:05,A,4.0,698 WASHINGTON AVE,,['Bicyclist'],W,1,25.0,False,False,0,1
37802,41.306558,-72.951982,14325984,21:49,A,3.0,N FRONTAGE RD,,['Pedestrian'],W,0,25.0,False,False,1,0
39680,41.282931,-72.983568,14312160,22:06,A,4.0,Dalton St,,['Pedestrian'],E,0,25.0,False,False,1,0
40912,41.311293,-72.944654,14335488,16:49,A,4.0,1469 CHAPEL ST,SHERMAN AV,['Bicyclist'],W,0,25.0,False,True,0,1
40912,41.311293,-72.944654,14335488,16:49,A,4.0,1469 CHAPEL ST,SHERMAN AV,['Bicyclist'],N,99,25.0,False,True,0,1
44230,41.30481,-72.922738,14344992,08:53,A,4.0,360 STATE ST,,['Pedestrian'],N,0,25.0,False,False,1,0
50639,41.310205,-72.899574,14353632,20:50,A,4.0,BLATCHLEY AVE,,['Pedestrian'],N,99,25.0,True,False,1,0
52305,41.301795,-72.940298,14356224,21:15,A,4.0,DAVENPORT AVENUE,ELLIOTT ST,['Pedestrian'],W,0,25.0,True,False,1,0
55523,41.319227,-72.949329,14371776,21:54,A,3.0,471 WHALLEY AVE,(RTE 10 - ELLA T GRASSO BLVD),['Pedestrian'],W,99,25.0,True,False,1,0
56020,41.27820662,-72.94446245,14369184,12:56,A,4.0,ELM ST,SECOND AV,['Pedestrian'],N,0,25.0,False,False,1,0
63867,41.320694,-72.866405,14353632,21:42,K,3.0,Foxon Road,PAUL ST(DE),['Pedestrian'],E,99,1.0,False,False,1,0
64872,41.306761,-72.946474,14376960,22:53,A,4.0,SHERMAN AVE,,['Bicyclist'],N,0,25.0,False,True,0,1
64872,41.306761,-72.946474,14376960,22:53,A,4.0,SHERMAN AVE,,['Bicyclist'],S,0,25.0,False,True,0,1
67295,41.312078,-72.900293,14394240,17:16,A,4.0,354 BLATCHLEY AVE,PINE ST NO 1,['Pedestrian'],S,0,25.0,False,False,1,0
67336,41.358787,-72.900572,14392512,19:20,A,4.0,RIDGE RD,RIDGE RD,['Bicyclist'],S,0,30.0,False,True,0,1
67336,41.358787,-72.900572,14392512,19:20,A,4.0,RIDGE RD,RIDGE RD,['Bicyclist'],W,0,30.0,False,True,0,1
69915,41.313851,-72.932435,14394240,20:55,A,4.0,DIXWELL AVENUE,LAKE PL,['Pedestrian'],S,0,25.0,False,False,1,0
72635,41.313198,-72.918444,14403744,22:05,A,4.0,BRADLEY ST,ORANGE ST NO 1,['Pedestrian'],S,0,25.0,True,False,1,0
74801,41.301916,-72.94023,14411520,12:39,A,4.0,DAVENPORT AVE,ELLIOTT ST,['Bicyclist'],W,0,25.0,False,False,0,1
74801,41.301916,-72.94023,14411520,12:39,A,4.0,DAVENPORT AVE,ELLIOTT ST,['Bicyclist'],N,0,25.0,False,False,0,1
76607,41.319871,-72.940573,14408064,23:42,A,4.0,SHERMAN AVE,GOFFE ST,['Bicyclist'],W,0,25.0,False,False,0,1
76607,41.319871,-72.940573,14408064,23:42,A,4.0,SHERMAN AVE,GOFFE ST,['Bicyclist'],N,99,25.0,False,False,0,1
76621,41.304912,-72.925197,14412384,12:20,A,4.0,CENTER STREET,,['Bicyclist'],W,0,25.0,False,False,0,1
76621,41.304912,-72.925197,14412384,12:20,A,4.0,CENTER STREET,,['Bicyclist'],W,0,25.0,False,False,0,1
76623,41.305422,-72.924318,14412384,14:03,A,4.0,CHAPEL STREET,ORANGE ST NO 1,['Pedestrian'],W,99,25.0,True,False,1,0
76623,41.305422,-72.924318,14412384,14:03,A,4.0,CHAPEL STREET,ORANGE ST NO 1,['Pedestrian'],W,0,25.0,False,False,1,0
80007,41.308498,-72.931443,14425344,11:59,A,4.0,YORK ST.,CHAPEL ST,['Bicyclist'],N,0,25.0,False,False,0,1
80007,41.308498,-72.931443,14425344,11:59,A,4.0,YORK ST.,CHAPEL ST,['Bicyclist'],W,0,25.0,False,False,0,1
81212,41.29797,-72.903626,14333760,22:15,A,1.0,I-95 Northbound,,['Pedestrian'],N,0,40.0,False,False,1,0
81212,41.29797,-72.903626,14333760,22:15,A,1.0,I-95 Northbound,,['Pedestrian'],N,97,40.0,False,False,1,0
81212,41.29797,-72.903626,14333760,22:15,A,1.0,I-95 Northbound,,['Pedestrian'],N,0,40.0,False,False,1,0
83654,41.30721,-72.898268,14427072,12:37,A,4.0,240 EXCHANGE ST,BLATCHLEY AV,['Pedestrian'],W,0,25.0,False,False,1,0
83654,41.30721,-72.898268,14427072,12:37,A,4.0,240 EXCHANGE ST,BLATCHLEY AV,['Pedestrian'],,0,25.0,False,False,1,0
83654,41.30721,-72.898268,14427072,12:37,A,4.0,240 EXCHANGE ST,BLATCHLEY AV,['Pedestrian'],W,0,25.0,False,False,1,0
83654,41.30721,-72.898268,14427072,12:37,A,4.0,240 EXCHANGE ST,BLATCHLEY AV,['Pedestrian'],W,0,25.0,True,False,1,0
83677,41.318495,-72.949288,14434848,07:02,A,3.0,ELLA T GRASSO BLVD,,['Bicyclist'],N,0,25.0,False,False,0,1
83677,41.318495,-72.949288,14434848,07:02,A,3.0,ELLA T GRASSO BLVD,,['Bicyclist'],S,0,25.0,False,False,0,1
84637,41.314146,-72.939877,14435712,16:38,A,4.0,ORCHARD ST,ELM ST NO 1,['Pedestrian'],N,0,25.0,False,False,1,0
91523,41.318682,-72.897581,14458176,11:41,A,4.0,MIDDLETOWN AVENUE,FERRY ST,['Bicyclist'],S,0,25.0,False,False,0,1
91523,41.318682,-72.897581,14458176,11:41,A,4.0,MIDDLETOWN AVENUE,FERRY ST,['Bicyclist'],E,0,25.0,False,False,0,1
95696,41.324283,-72.838577,14468544,16:53,K,3.0,Foxon Road,RTE 100(NORTH HIGH ST),"['Other Pedestrian (wheelchair, person in a building, skater, pedestrian conveyance)']",E,99,45.0,False,False,0,0
103005,41.260171,-72.946237,14468544,01:49,A,4.0,CAMPBELL AVE,,['Pedestrian'],W,0,1.0,True,False,1,0
106078,41.317153,-72.915454,14488416,18:13,A,4.0,ORANGE ST,BISHOP ST,['Bicyclist'],E,0,25.0,False,True,0,1
106078,41.317153,-72.915454,14488416,18:13,A,4.0,ORANGE ST,BISHOP ST,['Bicyclist'],N,0,25.0,False,True,0,1
109049,41.26941587,-72.87511855,14484096,13:21,A,4.0,DODGE AVE,PROSPECT PL EXT,['Pedestrian'],E,0,25.0,False,False,1,0
110272,41.316711,-72.872599,14487552,22:56,A,4.0,321 EASTERN ST,,['Pedestrian'],S,0,,False,False,1,0
111771,41.269072,-72.872132,14491872,13:21,A,3.0,HEMINGWAY AVE,,['Pedestrian'],S,0,35.0,,,1,0
111771,41.269072,-72.872132,14491872,13:21,A,3.0,HEMINGWAY AVE,,['Pedestrian'],N,0,35.0,,False,1,0
113052,41.269241,-72.872021,14482368,03:26,A,3.0,Hemingway Avenue,,['Pedestrian'],S,0,35.0,False,False,1,0
115624,41.31588,-72.948812,14509152,23:19,A,4.0,MAPLE STREET,ELLSWORTH AV,['Pedestrian'],S,97,25.0,False,False,1,0
121365,41.316642,-72.942379,14518656,00:30,A,4.0,WHALLEY AVE,SHERMAN AV,['Bicyclist'],S,0,25.0,False,True,0,1
121365,41.316642,-72.942379,14518656,00:30,A,4.0,WHALLEY AVE,SHERMAN AV,['Bicyclist'],W,0,25.0,False,True,0,1
121376,41.320219,-72.871879,14520384,22:29,A,3.0,FOXON BLVD,EASTERN ST,['Pedestrian'],W,0,25.0,False,False,1,0
132539,41.286159,-72.957932,14544576,06:36,A,4.0,Campbell Ave,ALLING ST,['Pedestrian'],N,0,25.0,False,False,1,0
134763,41.321247,-72.945975,14554944,20:49,A,4.0,ELLSWORTH AVENUE,,['Pedestrian'],N,0,25.0,False,False,1,0
136234,41.327198,-72.935114,14559264,19:22,A,4.0,DIXWELL AVE,DIVISION ST,['Pedestrian'],N,0,25.0,False,False,1,0
136244,41.33229,-72.974689,14560992,18:37,A,3.0,WHALLEY AVENUE,,['Pedestrian'],W,0,25.0,False,False,1,0
138465,41.31429,-72.928653,14566176,16:12,A,4.0,ASHMUN ST,YORK SQ,['Pedestrian'],N,0,25.0,False,False,1,0
138909,41.316652,-72.942382,14567040,19:31,A,4.0,SHERMAN AVE,WHALLEY AV,['Pedestrian'],N,0,25.0,True,False,1,0
139158,41.310867,-72.920186,14562720,07:53,A,4.0,AUDUBON ST,ORANGE ST NO 1,['Pedestrian'],S,0,25.0,False,False,1,0
143221,41.361814,-72.924259,14539392,13:57,A,3.0,DIXWELL AVENUE,ROBERT ST,['Pedestrian'],S,0,35.0,True,False,1,0
144058,41.303494,-72.931304,14573952,12:05,A,4.0,270 S FRONTAGE RD,COLLEGE ST,['Pedestrian'],E,0,25.0,False,False,1,0
144058,41.303494,-72.931304,14573952,12:05,A,4.0,270 S FRONTAGE RD,COLLEGE ST,['Pedestrian'],E,0,25.0,False,False,1,0
145412,41.277317,-72.861189,14245632,04:04,K,2.0,Saltonstall PKWY,RTE 100(NB)(MAIN ST),['Pedestrian'],E,99,40.0,False,False,1,0
145426,41.260607,-72.85598,14457312,21:32,A,3.0,SHORT BEACH RD,,['Pedestrian'],W,99,25.0,True,False,1,0
148384,41.330826,-72.972713,14578272,21:52,A,3.0,1290 WHALLEY AVE/DAVIS ST,DAVIS ST(ONE-WAY NB),['Pedestrian'],W,99,25.0,True,False,1,0
148445,41.308644,-72.899415,14589504,18:06,A,4.0,GRAND AVE,BLATCHLEY AV,['Pedestrian'],S,0,25.0,False,False,1,0
150141,41.307463,-72.926335,14592096,17:17,A,4.0,240 TEMPLE ST,,['Bicyclist'],S,0,,False,False,0,1
150141,41.307463,-72.926335,14592096,17:17,A,4.0,240 TEMPLE ST,,['Bicyclist'],E,0,,False,True,0,1
158175,41.320667,-72.873338,14609376,16:25,A,3.0,FOXON BLVD,,['Pedestrian'],W,0,25.0,False,False,1,0
162127,41.304386,-72.928792,14622336,17:12,A,4.0,GEORGE STREET,TEMPLE ST,['Bicyclist'],E,0,25.0,False,False,0,1
162127,41.304386,-72.928792,14622336,17:12,A,4.0,GEORGE STREET,TEMPLE ST,['Bicyclist'],E,0,35.0,,,0,1
164351,41.302472,-72.92792,14625792,21:50,A,4.0,N FRONTAGE RD,unknown,['Pedestrian'],W,0,,False,False,1,0
165010,41.306577,-72.926991,14633568,16:31,A,4.0,TEMPLE ST,CHAPEL ST,['Pedestrian'],S,0,,False,False,1,0
166457,41.310982,-72.873367,14632704,03:26,A,,BOUCHET LN,,['Pedestrian'],W,0,,False,False,1,0
166457,41.310982,-72.873367,14632704,03:26,A,,BOUCHET LN,,['Pedestrian'],,0,,False,False,1,0
167330,41.300738,-72.940903,14636160,23:30,K,4.0,KOSSUTH ST,ANN ST,['Pedestrian'],S,99,25.0,True,False,1,0
168079,41.304775,-72.922716,14639616,20:34,A,4.0,CHAPEL STREET,STATE ST,['Bicyclist'],W,0,25.0,False,True,0,1
168079,41.304775,-72.922716,14639616,20:34,A,4.0,CHAPEL STREET,STATE ST,['Bicyclist'],E,0,25.0,False,True,0,1
168844,41.304767,-72.922657,14640480,21:03,A,4.0,STATE ST,CHAPEL ST,['Bicyclist'],E,0,,False,False,0,1
168844,41.304767,-72.922657,14640480,21:03,A,4.0,STATE ST,CHAPEL ST,['Bicyclist'],N,0,,False,False,0,1
170382,41.251468,-72.987781,14647392,20:04,A,4.0,Perry Merrill Drive,,['Pedestrian'],W,97,25.0,False,False,1,0
173212,41.287454,-72.973525,14649984,00:14,A,2.0,BOSTON POST ROAD RD,ARDALE ST,['Pedestrian'],E,88,35.0,,,1,0
173846,41.303774,-72.902371,14649984,19:42,A,4.0,JAMES ST,CHAPEL ST,['Pedestrian'],N,0,25.0,True,False,1,0
174171,41.303466,-72.902483,14656896,16:09,A,4.0,JAMES ST,,['Pedestrian'],S,0,,True,False,1,0
176778,41.300943,-72.892293,14659488,14:38,A,4.0,E. FERRY STREET,FAIRMONT AV,['Bicyclist'],E,0,,False,False,0,1
176778,41.300943,-72.892293,14659488,14:38,A,4.0,E. FERRY STREET,FAIRMONT AV,['Bicyclist'],N,0,,False,False,0,1
182753,41.308925,-72.896593,14573088,00:06,K,4.0,GRAND AVE,,['Pedestrian'],W,0,25.0,True,,1,0
191551,41.302161,-72.936202,14700096,10:00,A,4.0,800 HOWARD AVE,,['Pedestrian'],N,0,25.0,False,False,1,0
192642,41.316314,-72.895615,14691456,20:16,A,4.0,PECK ST,ROWE ST,['Bicyclist'],E,0,,False,False,0,1
192642,41.316314,-72.895615,14691456,20:16,A,4.0,PECK ST,ROWE ST,['Bicyclist'],N,0,,False,False,0,1
198090,41.338468,-72.973363,14714784,18:35,A,4.0,VALLEY ST,HARPER AV,['Pedestrian'],E,0,25.0,False,False,1,0
199055,41.31191,-72.947017,14719968,14:49,A,4.0,WINTHROP AVE,CHAPEL ST,['Pedestrian'],N,0,25.0,False,False,1,0
201153,41.304266,-72.930917,14719104,12:41,A,4.0,NORTH FRONTAGE RD,COLLEGE ST,['Pedestrian'],N,0,25.0,False,False,1,0
202704,41.290809,-72.920881,14708736,19:30,A,4.0,LONG WHARF DR,,['Pedestrian'],N,0,25.0,False,False,1,0
204466,41.311655,-72.931,14734656,20:15,A,4.0,59 BROADWAY,,['Pedestrian'],W,0,,False,False,1,0
208572,41.329325,-72.926291,14745888,22:25,A,4.0,WINCHESTER AVE,HIGHLAND ST,['Bicyclist'],S,0,25.0,True,False,0,1
208572,41.329325,-72.926291,14745888,22:25,A,4.0,WINCHESTER AVE,HIGHLAND ST,['Bicyclist'],N,0,25.0,False,False,0,1
216398,41.281499,-72.874699,14726016,16:15,K,4.0,FORBES PL,,['Bicyclist'],N,0,1.0,False,False,0,1
216398,41.281499,-72.874699,14726016,16:15,K,4.0,FORBES PL,,['Bicyclist'],N,0,25.0,False,False,0,1
218210,41.275184,-72.868722,14756256,14:46,A,3.0,HEMINGWAY AVE,RIVER ST(DE),['Pedestrian'],N,0,35.0,False,False,1,0
221154,41.326011,-72.959753,14770080,11:07,A,3.0,24 FOUNTAIN ST,,['Bicyclist'],W,0,25.0,False,True,0,1
221154,41.326011,-72.959753,14770080,11:07,A,3.0,24 FOUNTAIN ST,,['Bicyclist'],W,0,25.0,False,True,0,1
223871,41.312238,-72.91936,14776128,14:14,A,4.0,TRUMBULL ST,,['Pedestrian'],W,0,25.0,False,False,1,0
223871,41.312238,-72.91936,14776128,14:14,A,4.0,TRUMBULL ST,,['Pedestrian'],,0,25.0,False,False,1,0
224568,41.330459,-72.971948,14777856,19:55,A,3.0,WHALLEY AVE,WEST PROSPECT ST,['Pedestrian'],E,0,25.0,False,False,1,0
225240,41.293019,-72.943868,14776128,21:54,K,3.0,ELLA T GRASSO BLVD,,['Pedestrian'],S,0,35.0,False,False,1,0
226073,41.314989,-72.939472,14780448,14:20,A,4.0,490 ORCHARD ST,,['Pedestrian'],S,0,25.0,False,False,1,0
228889,41.342439,-72.957741,14773536,06:54,A,4.0,WILMONT RD,BROOKSIDE AV,['Pedestrian'],S,0,25.0,False,False,1,0
228905,41.314793,-72.891703,14778720,18:41,A,4.0,CLINTON AVE,CHATHAM ST,['Driver'],S,0,25.0,False,True,0,0
228905,41.314793,-72.891703,14778720,18:41,A,4.0,CLINTON AVE,CHATHAM ST,['Driver'],E,99,25.0,False,True,0,0
230104,41.310804,-72.930116,14791680,09:51,A,4.0,ELM ST,,['Pedestrian'],W,0,25.0,False,False,1,0
230472,41.306935,-72.924406,14792544,09:38,A,4.0,157 CHURCH ST,,['Pedestrian'],N,0,,False,False,1,0
230850,41.304105,-72.925084,14793408,17:00,A,4.0,ORANGE AVE,CROWN ST,['Pedestrian'],E,0,25.0,False,False,1,0
236175,41.321252,-72.897162,14802912,21:13,A,2.0,1415 STATE ST,,['Pedestrian'],N,0,25.0,False,False,1,0
244042,41.320567,-72.870367,14825376,22:01,A,3.0,FOXON BLVD,,['Pedestrian'],W,0,,False,False,1,0
244042,41.320567,-72.870367,14825376,22:01,A,3.0,FOXON BLVD,,['Pedestrian'],W,0,,False,False,1,0
246428,41.305544,-72.933748,14825376,17:13,A,4.0,N FRONTAGE RD,YORK ST,['Pedestrian'],W,0,25.0,False,True,1,0
247709,41.294498,-72.945692,14834016,17:59,A,3.0,ELLA T GRASSO BLVD,,['Pedestrian'],S,0,,False,False,1,0
249006,41.297773,-72.935962,14835744,19:28,A,2.0,COLUMBUS AVE,HALLOCK ST,['Pedestrian'],E,0,25.0,False,False,1,0
249803,41.313097,-72.932341,14834880,18:07,A,4.0,GOFFE ST,DIXWELL AV,['Pedestrian'],W,0,25.0,False,False,1,0
250806,41.351633,-72.931066,14814144,02:05,K,3.0,DIXWELL AVE,,['Pedestrian'],N,0,35.0,,,1,0
252502,41.304901,-72.934223,14846112,15:12,K,3.0,S FRONTAGE RD,YORK ST(ONE-WAY NB),['Pedestrian'],E,99,25.0,False,False,1,0
252990,41.295468,-72.886867,14843520,19:19,A,4.0,215 BURWELL ST,,['Pedestrian'],,0,25.0,False,False,1,0
252990,41.295468,-72.886867,14843520,19:19,A,4.0,215 BURWELL ST,,['Pedestrian'],S,0,25.0,False,False,1,0
253014,41.30105979,-72.96320477,14834880,06:35,A,3.0,FOREST RD,DAVID ST,['Pedestrian'],S,0,30.0,False,False,1,0
253535,41.304387,-72.928629,14850432,09:53,A,4.0,70 TEMPLE ST,GEORGE ST,['Pedestrian'],E,0,25.0,False,False,1,0
254278,41.294866,-72.946089,14851296,22:47,A,3.0,580 ELLA T. GRASSO BLVD,,['Pedestrian'],S,0,35.0,True,False,1,0
255738,41.307933,-72.915888,14851296,13:25,A,4.0,GRAND AVE,,['Pedestrian'],E,0,25.0,False,False,1,0
255739,41.31846,-72.963237,14851296,19:15,A,4.0,800 EDGEWOOD AVE,,['Pedestrian'],N,0,25.0,True,False,1,0
258891,41.297721,-72.937565,14863392,15:54,A,2.0,COLUMBUS AVE,WASHINGTON AVE #1(DE),['Pedestrian'],W,99,25.0,True,False,1,0
260114,41.3448,-72.9288,14697504,18:56,A,4.0,PUTNAM AVENUE,,['Pedestrian'],W,0,30.0,,False,1,0
266640,41.373988,-72.916167,14880672,18:23,A,3.0,DIXWELL AVE,,['Pedestrian'],N,0,35.0,False,False,1,0
266880,41.28511838,-72.9796819,14878944,20:43,A,4.0,Dalton Street,,['Pedestrian'],E,0,,False,False,1,0
266880,41.28511838,-72.9796819,14878944,20:43,A,4.0,Dalton Street,,['Pedestrian'],W,0,,False,False,1,0
269199,41.265123,-72.952306,14862528,07:33,K,4.0,11 BASSETT ST - PKG LOT,,['Pedestrian'],,0,1.0,False,False,1,0
270793,41.327351,-72.933042,14888448,17:30,A,4.0,SHELTON AVE,THOMPSON ST,['Pedestrian'],N,0,25.0,False,False,1,0
275056,41.309264,-72.927241,14781312,16:43,A,4.0,COLLEGE ST,,['Pedestrian'],S,0,25.0,,True,1,0
277471,41.319029,-72.949055,14903136,07:14,A,3.0,ELLA T GRASSO BLVD,WHALLEY AVE(LOCAL),['Bicyclist'],E,0,,False,True,0,1
277471,41.319029,-72.949055,14903136,07:14,A,3.0,ELLA T GRASSO BLVD,WHALLEY AVE(LOCAL),['Bicyclist'],N,0,,False,True,0,1
279123,41.301703,-72.950911,14910912,12:45,K,3.0,800 ELLA T GRASSO BLVD,,['Bicyclist'],S,0,35.0,False,False,0,1
279123,41.301703,-72.950911,14910912,12:45,K,3.0,800 ELLA T GRASSO BLVD,,['Bicyclist'],S,0,35.0,True,False,0,1
283614,41.313343,-72.909282,14921280,23:05,A,4.0,EAST STREET,HUMPHREY ST,['Pedestrian'],W,0,25.0,True,False,1,0
284167,41.304258,-72.930971,14917824,20:01,A,4.0,NORTH FRONTAGE ROAD,COLLEGE ST,['Pedestrian'],S,0,25.0,False,False,1,0
284167,41.304258,-72.930971,14917824,20:01,A,4.0,NORTH FRONTAGE ROAD,COLLEGE ST,['Pedestrian'],W,97,25.0,False,False,1,0
285054,41.321234,-72.952237,14923008,21:08,A,3.0,WHALLEY AVE,,['Pedestrian'],E,0,25.0,False,True,1,0
286443,41.310606,-72.940366,14930784,15:21,A,4.0,CHAPEL ST,KENSINGTON ST,['Pedestrian'],,0,25.0,True,False,1,0
287778,41.320248,-72.950769,14615424,21:39,A,3.0,543 WHALLEY AVE,HOBART ST(ONE-WAY SB),['Pedestrian'],W,0,25.0,False,False,1,0
288734,41.320741,-72.865697,14807232,20:39,K,3.0,FOXON RD,,['Pedestrian'],W,0,35.0,True,,1,0
288873,41.322144,-72.949662,14933376,16:08,A,4.0,1572 ELLA T GRASSO BLVD,ANITA ST,['Pedestrian'],N,0,,False,False,1,0
288873,41.322144,-72.949662,14933376,16:08,A,4.0,1572 ELLA T GRASSO BLVD,ANITA ST,['Pedestrian'],,0,,False,False,1,0
289506,41.314399,-72.940752,14934240,19:44,A,4.0,ELM ST,,['Bicyclist' 'Driver'],W,0,,False,False,0,1
289506,41.314399,-72.940752,14934240,19:44,A,4.0,ELM ST,,['Bicyclist' 'Driver'],E,0,,False,False,0,1
292131,41.303535,-72.910433,14937696,11:34,A,4.0,EAST ST,CHAPEL ST,['Bicyclist'],S,0,,False,False,0,1
292131,41.303535,-72.910433,14937696,11:34,A,4.0,EAST ST,CHAPEL ST,['Bicyclist'],W,97,,False,False,0,1
292131,41.303535,-72.910433,14937696,11:34,A,4.0,EAST ST,CHAPEL ST,['Bicyclist'],W,97,,False,False,0,1
293726,41.308891,-72.933524,14941152,02:29,A,4.0,PARK ST,CHAPEL ST,['Pedestrian'],S,0,25.0,False,False,1,0
298846,41.310606,-72.896951,14961888,17:00,A,4.0,CLAY ST,,['Pedestrian'],E,0,25.0,False,False,1,0
303188,41.331801,-72.935215,14971392,01:55,A,4.0,DIXWELL AVE,WILLIS ST,['Pedestrian'],N,0,35.0,False,True,1,0
304568,41.318978,-72.899168,14976576,11:47,A,2.0,STATE ST,unknown,['Bicyclist'],N,0,,False,False,0,1
304568,41.318978,-72.899168,14976576,11:47,A,2.0,STATE ST,unknown,['Bicyclist'],N,0,,False,False,0,1
305229,41.264198,-72.872939,14835744,19:09,K,3.0,441 Coe Avenue,,['Pedestrian'],N,0,35.0,False,False,1,0
309954,41.326081,-72.929576,14985216,07:00,A,4.0,NEWHALL ST,unknown,['Pedestrian'],S,0,25.0,False,False,1,0
309996,41.321474,-72.943994,14989536,18:51,A,4.0,GOFFE TER,NORTON ST,['Pedestrian'],S,0,25.0,False,False,1,0
315741,41.324924,-72.956903,14996448,09:26,A,3.0,WHALLEY AVE,(RTE 10 - FITCH ST),['Bicyclist'],N,0,25.0,False,False,0,1
315741,41.324924,-72.956903,14996448,09:26,A,3.0,WHALLEY AVE,(RTE 10 - FITCH ST),['Bicyclist'],N,0,25.0,False,False,0,1
319696,41.318591,-72.844725,15006816,04:14,A,4.0,MAPLEVALE CT,MAPLEVALE RD,['Pedestrian'],S,99,25.0,True,False,1,0
338176,41.288613,-72.972009,15053472,19:47,A,4.0,Fairfax Street,,['Pedestrian'],,0,25.0,True,False,1,0
344302,41.27223,-72.8705,15070752,19:08,A,3.0,Hemingway Avenue,PENNSYLVANIA AVE,['Pedestrian'],N,0,35.0,False,False,1,0
354723,41.281954,-72.982175,15034464,20:55,K,2.0,BOSTON POST RD,,['Pedestrian'],W,0,35.0,False,False,1,0
364824,41.29004,-72.968395,14777856,02:07,K,2.0,Boston Post Rd,,['Pedestrian'],N,0,35.0,True,,1,0
375710,41.310396,-72.957895,15138144,17:15,A,3.0,DERBY AVE,YALE AVE,['Bicyclist'],E,0,35.0,False,False,0,1
375710,41.310396,-72.957895,15138144,17:15,A,3.0,DERBY AVE,YALE AVE,['Bicyclist'],N,0,35.0,False,False,0,1
376454,41.364559,-72.929287,15132960,16:36,A,4.0,BENHAM ST,MIX AV,['Pedestrian'],W,0,30.0,False,False,1,0
383500,41.308683,-72.899842,15012000,13:29,A,4.0,314 GRAND AVE,,['Pedestrian'],W,0,35.0,False,False,1,0
383536,41.334902,-72.935253,15012000,17:16,A,4.0,DIXWELL AVE,ELIZABETH ST,['Pedestrian'],S,0,25.0,False,True,1,0
383706,41.334405,-72.956663,15022368,08:31,A,4.0,355 SPRINGSIDE AVE,,['Bicyclist'],N,0,25.0,True,False,0,1
383706,41.334405,-72.956663,15022368,08:31,A,4.0,355 SPRINGSIDE AVE,,['Bicyclist'],N,0,25.0,False,False,0,1
384016,41.307383,-72.92847,15034464,11:35,A,,UPPER GREEN (ALONG COLLEGE ST.),,['Pedestrian'],N,0,,False,False,1,0
384033,41.30963,-72.93696,15035328,15:28,A,4.0,CHAPEL ST,DWIGHT ST,['Pedestrian'],W,0,25.0,False,False,1,0
384033,41.30963,-72.93696,15035328,15:28,A,4.0,CHAPEL ST,DWIGHT ST,['Pedestrian'],W,0,25.0,False,False,1,0
384127,41.305632,-72.933903,15039648,21:59,A,3.0,N FRONTAGE RD,YORK ST(ONE-WAY NB),['Bicyclist'],W,0,,False,False,0,1
384127,41.305632,-72.933903,15039648,21:59,A,3.0,N FRONTAGE RD,YORK ST(ONE-WAY NB),['Bicyclist'],S,0,,False,False,0,1
384264,41.320268,-72.871984,15047424,20:45,A,3.0,FOXON BLVD,,['Pedestrian'],E,0,25.0,True,False,1,0
384610,41.297139,-72.948666,15061248,02:58,K,3.0,ELLA T GRASSO BLVD,,['Pedestrian'],,99,35.0,True,False,1,0
384709,41.299965,-72.942167,15064704,10:48,A,4.0,38 ANN ST,,"['Other Pedestrian (wheelchair, person in a building, skater, pedestrian conveyance)']",W,0,25.0,False,False,0,0
384709,41.299965,-72.942167,15064704,10:48,A,4.0,38 ANN ST,,"['Other Pedestrian (wheelchair, person in a building, skater, pedestrian conveyance)']",W,0,25.0,False,False,0,0
385045,41.306598,-72.912581,15080256,02:43,A,4.0,Hamilton St ,,['Pedestrian'],S,0,25.0,False,False,1,0
385156,41.314847,-72.898587,15063840,08:00,A,4.0,POPLAR ST,LOMBARD ST,['Bicyclist'],E,0,,False,False,0,1
385156,41.314847,-72.898587,15063840,08:00,A,4.0,POPLAR ST,LOMBARD ST,['Bicyclist'],N,97,,False,False,0,1
385270,41.319277,-72.949224,15086304,20:29,A,3.0,ELLA T GRASSO BLVD,(RTE 10 - WHALLEY AVE),['Pedestrian'],N,0,,False,False,1,0
385555,41.310254,-72.943153,15098400,02:04,A,,1450 CHAPEL STREET,,['Bicyclist'],,99,,False,False,0,1
385555,41.310254,-72.943153,15098400,02:04,A,,1450 CHAPEL STREET,,['Bicyclist'],,0,,False,False,0,1
385976,41.330125,-72.970993,15112224,22:18,A,3.0,WHALLEY AVE,,['Bicyclist'],W,0,,False,False,0,1
385976,41.330125,-72.970993,15112224,22:18,A,3.0,WHALLEY AVE,,['Bicyclist'],W,0,25.0,False,False,0,1
386075,41.325542,-72.935132,15118272,18:43,A,4.0,DIXWELL AVE,,['Pedestrian'],S,0,25.0,False,False,1,0
386163,41.331414,-72.935203,15121728,18:39,A,4.0,DIXWELL AVE,BREWSTER ST,['Pedestrian'],S,0,25.0,False,False,1,0
386483,41.296943,-72.892743,15133824,20:15,A,4.0,FARREN AVE,FULTON ST,['Pedestrian'],N,0,25.0,True,False,1,0
386732,41.309452,-72.92126,15148512,17:32,A,4.0,ORANGE ST NO 1,,['Pedestrian'],N,0,,False,False,1,0
387108,41.302395,-72.935902,15166656,09:59,A,4.0,HOWARD AV,,['Pedestrian'],S,0,25.0,False,False,1,0
388278,41.298612,-72.892417,15160608,04:47,A,4.0,FARREN AV,,['Pedestrian'],S,0,25.0,True,False,1,0
388333,41.303469,-72.908602,15175296,11:06,K,4.0,CHAPEL ST,,['Pedestrian'],E,0,25.0,False,False,1,0
388545,41.292682,-72.937404,15068160,14:41,A,4.0,HURLBURT ST,ROSETTE ST,['Pedestrian'],S,0,25.0,False,False,1,0
388582,41.318157,-72.914583,15099264,20:18,A,4.0,ORANGE ST,EDWARDS ST,['Pedestrian'],S,0,25.0,True,False,1,0
392593,41.304032,-72.975418,15171840,21:53,A,3.0,34-E,,['Pedestrian'],E,99,35.0,True,False,1,0
393016,41.328374,-72.937566,15186528,18:58,A,4.0,SHERMAN PKWY,FORD ST,['Pedestrian'],S,0,25.0,False,False,1,0
394618,41.37434,-72.91553,15168384,07:55,A,4.0,SKIFF ST,,['Pedestrian'],E,0,30.0,False,False,1,0
402225,41.275912,-72.952558,15217632,23:33,A,4.0,CAMPBELL AV,,['Pedestrian'],S,0,1.0,False,False,1,0
404254,41.303302,-72.936417,15221088,20:04,A,4.0,HOWARD AV,DAVENPORT AV,['Bicyclist'],S,0,25.0,False,False,0,1
404254,41.303302,-72.936417,15221088,20:04,A,4.0,HOWARD AV,DAVENPORT AV,['Bicyclist'],E,0,25.0,False,False,0,1
425884,41.287916,-72.958576,15284160,15:54,A,4.0,CAMPBELL AV,TERRACE AV,['Pedestrian'],N,0,25.0,False,False,1,0
431735,41.323398,-72.86213,15285888,17:41,A,4.0,FOXON BLVD,,['Pedestrian'],N,0,25.0,False,False,1,0
431735,41.323398,-72.86213,15285888,17:41,A,4.0,FOXON BLVD,,['Pedestrian'],N,0,25.0,False,False,1,0
431735,41.323398,-72.86213,15285888,17:41,A,4.0,FOXON BLVD,,['Pedestrian'],N,0,25.0,False,False,1,0
431735,41.323398,-72.86213,15285888,17:41,A,4.0,FOXON BLVD,,['Pedestrian'],S,0,25.0,False,False,1,0
433459,41.315175,-72.924675,15042240,13:32,A,4.0,130 PROSPECT ST,,['Pedestrian'],S,99,25.0,False,False,1,0
434121,41.310621,-72.941394,15243552,16:10,A,4.0,CHAPEL ST,ORCHARD ST,['Pedestrian'],S,99,25.0,True,False,1,0
434566,41.302234,-72.902352,15258240,19:28,A,4.0,JAMES ST,,['Pedestrian'],N,0,25.0,True,False,1,0
434566,41.302234,-72.902352,15258240,19:28,A,4.0,JAMES ST,,['Pedestrian'],,0,25.0,False,False,1,0
435049,41.304521,-72.881969,15275520,08:35,A,4.0,SUMMIT ST,HOWARD,['Pedestrian'],N,0,,False,False,1,0
435372,41.320901,-72.874239,15278976,01:15,K,3.0,80-E,,['Pedestrian'],E,0,35.0,False,False,1,0
437102,41.310591,-72.941483,15301440,23:45,A,4.0,ORCHARD ST,CHAPEL ST,['Bicyclist'],N,0,25.0,True,False,0,1
437102,41.310591,-72.941483,15301440,23:45,A,4.0,ORCHARD ST,CHAPEL ST,['Bicyclist'],,0,,False,False,0,1
437587,41.331807,-72.935174,15283296,12:36,A,4.0,DIXWELL AV,WILLIS ST,['Pedestrian'],N,0,25.0,True,False,1,0
438530,41.31681,-72.933301,15310944,22:16,A,4.0,DIXWELL AV,WEBSTER ST,['Bicyclist'],N,0,25.0,False,False,0,1
438530,41.31681,-72.933301,15310944,22:16,A,4.0,DIXWELL AV,WEBSTER ST,['Bicyclist'],W,0,25.0,False,False,0,1
438876,41.320977,-72.874321,15323904,22:00,A,3.0,80-E,,['Pedestrian'],E,0,25.0,False,False,1,0
441551,41.3202,-72.950785,15329952,21:18,A,3.0,10-N,,['Pedestrian'],E,0,25.0,True,True,1,0
451994,41.245218,-72.971937,15332544,23:15,A,4.0,LAKE ST,,['Pedestrian'],S,97,1.0,False,False,1,0
452639,41.311323,-72.944669,15355872,18:16,A,4.0,CHAPEL ST,SHERMAN AV,['Pedestrian'],S,0,,False,False,1,0
456525,41.314641,-72.959053,15366240,17:13,A,4.0,CHAPEL ST,YALE AV,['Bicyclist'],W,0,,False,True,0,1
456525,41.314641,-72.959053,15366240,17:13,A,4.0,CHAPEL ST,YALE AV,['Bicyclist'],E,0,25.0,False,True,0,1
459180,41.310388,-72.930193,15375744,15:52,A,4.0,YORK ST,,['Bicyclist'],N,0,25.0,False,False,0,1
459180,41.310388,-72.930193,15375744,15:52,A,4.0,YORK ST,,['Bicyclist'],N,0,25.0,False,False,0,1
459180,41.310388,-72.930193,15375744,15:52,A,4.0,YORK ST,,['Bicyclist'],N,0,25.0,False,False,0,1
460391,41.285829,-72.887813,15378336,06:39,A,4.0,MAIN ST NO 2,TERRACE ST,['Pedestrian'],S,0,25.0,False,False,1,0
460680,41.32269,-72.934577,15348096,16:50,A,4.0,SHELTON AV,MUNSON ST,['Bicyclist'],W,0,25.0,False,False,0,1
460680,41.32269,-72.934577,15348096,16:50,A,4.0,SHELTON AV,MUNSON ST,['Bicyclist'],,99,,False,False,0,1
461082,41.31931,-72.940726,15380928,02:48,A,4.0,SHERMAN AV,,['Pedestrian'],S,0,25.0,False,True,1,0
461082,41.31931,-72.940726,15380928,02:48,A,4.0,SHERMAN AV,,['Pedestrian'],N,0,25.0,True,True,1,0
464110,41.306751,-72.946633,15363648,16:20,A,4.0,REV DR MLK JR BLVD,,['Bicyclist'],W,0,25.0,False,False,0,1
464110,41.306751,-72.946633,15363648,16:20,A,4.0,REV DR MLK JR BLVD,,['Bicyclist'],W,0,25.0,False,False,0,1
469219,41.343128,-72.934711,15395616,17:19,A,3.0,10-N,SECOND ST,['Bicyclist'],W,0,35.0,False,False,0,1
469219,41.343128,-72.934711,15395616,17:19,A,3.0,10-N,SECOND ST,['Bicyclist'],S,0,35.0,False,False,0,1
469351,41.353453,-72.902757,15397344,13:00,A,4.0,RIDGE RD,WAITE ST,['Bicyclist'],S,0,30.0,False,False,0,1
469351,41.353453,-72.902757,15397344,13:00,A,4.0,RIDGE RD,WAITE ST,['Bicyclist'],W,0,,False,False,0,1
471163,41.338788,-72.976695,15403392,17:03,A,3.0,69-N,POND LILY AV,['Pedestrian'],W,99,25.0,True,False,1,0
471762,41.316188,-72.961986,15379200,19:42,A,4.0,WEST ROCK AV NO 1,WESTWOOD RD,['Bicyclist'],,99,,True,False,0,1
471762,41.316188,-72.961986,15379200,19:42,A,4.0,WEST ROCK AV NO 1,WESTWOOD RD,['Bicyclist'],,99,99.0,False,False,0,1
473556,41.27828,-72.941121,15406848,21:21,K,4.0,FIRST AV,,['Pedestrian'],N,0,25.0,False,False,1,0
476193,41.276003,-72.951492,15417216,23:11,K,4.0,ELM ST,,['Pedestrian'],E,0,25.0,False,False,1,0
482986,41.31313636,-72.93228443,15427584,17:01,A,4.0,DIXWELL AV,,['Pedestrian'],N,0,25.0,False,False,1,0
482989,41.298691,-72.934456,15427584,18:21,A,4.0,HOWARD AV,MINOR ST,['Pedestrian'],N,0,25.0,False,False,1,0
485300,41.305529,-72.952716,15432768,22:14,A,3.0,10-N,LEGION AV-RT 34,['Pedestrian'],S,0,25.0,False,False,1,0
485812,41.383679,-72.903842,15320448,18:48,K,3.0,10-N,OLD DIXWELL AV,['Pedestrian'],S,0,35.0,False,False,1,0
486823,41.332623,-72.949366,15437952,17:33,A,3.0,10-S,,['Pedestrian'],S,0,,False,False,1,0
499290,41.306969,-72.937259,15447456,19:25,A,4.0,REV DR MLK JR BLVD,HOWE ST,['Pedestrian'],W,0,25.0,False,False,1,0
499347,41.319375,-72.934005,15450912,07:34,A,4.0,DIXWELL AV,CHARLES ST,['Pedestrian'],W,0,25.0,False,False,1,0
500030,41.321745,-72.876286,15466464,19:19,K,3.0,80-E,,['Pedestrian'],W,0,25.0,False,False,1,0
503202,41.337911,-72.935143,15304032,01:53,K,4.0,DIXWELL AV NO 1,,['Pedestrian'],N,0,35.0,False,False,1,0
503202,41.337911,-72.935143,15304032,01:53,K,4.0,DIXWELL AV NO 1,,['Pedestrian'],N,0,35.0,False,False,1,0
503202,41.337911,-72.935143,15304032,01:53,K,4.0,DIXWELL AV NO 1,,['Pedestrian'],N,0,35.0,False,False,1,0
503709,41.375629,-72.908467,15266016,23:31,K,3.0,15-S,,['Pedestrian'],S,0,55.0,False,False,1,0
504081,41.324321,-72.881215,15477696,20:21,K,3.0,17-N,,['Pedestrian'],N,0,25.0,False,False,1,0
504866,41.346621,-72.93419,15437952,17:40,A,4.0,CIRCULAR AV,HELEN ST,['Pedestrian'],S,0,30.0,False,False,1,0
512102,41.307299,-72.969731,15485472,18:38,K,3.0,34-E,,['Pedestrian'],E,99,35.0,True,False,1,0
512202,41.302859,-72.928328,15492384,23:03,A,4.0,CHURCH ST SOUTH NO 1,REV DR MLK JR BLVD,['Pedestrian'],W,0,25.0,False,False,1,0
517678,41.373988,-72.913102,15506208,11:57,A,,SKIFF ST,,"['Other Pedestrian (wheelchair, person in a building, skater, pedestrian conveyance)']",W,1,1.0,False,False,0,0
522840,41.30796,-72.898241,15392160,00:51,K,4.0,WOOLSEY ST,,['Pedestrian'],E,99,25.0,True,,1,0
523505,41.303741,-72.94524,15520896,18:58,A,4.0,WINTHROP AV NO 1,,['Pedestrian'],N,0,25.0,False,False,1,0
528065,41.332202,-72.974697,15501888,21:17,A,3.0,63-N,,['Pedestrian'],E,99,25.0,True,False,1,0
528065,41.332202,-72.974697,15501888,21:17,A,3.0,63-N,,['Pedestrian'],E,0,25.0,False,False,1,0
528067,41.297478,-72.94911,15502752,16:15,A,2.0,1-N,10-N,['Pedestrian'],S,99,45.0,True,False,1,0
530350,41.29066,-72.921012,15540768,14:33,A,4.0,LONG WHARF DR,,['Pedestrian'],W,0,25.0,False,False,1,0
531625,41.2505543,-72.8711236,15545088,13:16,A,,COE AVE,,['Pedestrian'],E,0,1.0,False,False,1,0
531678,41.317656,-72.872195,15539040,19:36,A,4.0,EASTERN ST,,['Pedestrian'],N,0,25.0,False,False,1,0
541603,41.300039,-72.939627,15571008,12:15,A,4.0,CONGRESS AV,ARCH ST,['Pedestrian'],N,0,25.0,True,False,1,0
541962,41.281526,-72.87693,15572736,16:02,A,4.0,MAIN ST,,['Pedestrian'],E,0,25.0,,False,1,0
542776,41.31753,-72.94978,15575328,02:42,A,4.0,ELM ST NO 1,ELM ST NO 1,['Pedestrian'],N,0,25.0,False,False,1,0
544171,41.31887,-72.899374,15578784,17:23,A,2.0,5-N,,['Pedestrian'],S,0,,False,False,1,0
545381,41.3138,-72.924956,15582240,20:55,A,4.0,PROSPECT ST,TRUMBULL ST,['Pedestrian'],S,99,,False,False,1,0
551242,41.296403,-72.955852,15585696,20:29,K,2.0,1-N,,['Pedestrian'],N,0,25.0,False,False,1,0
552041,41.369117,-72.919325,15573600,21:27,A,3.0,10-N,,['Pedestrian'],N,0,35.0,False,False,1,0
555750,41.328579,-72.957171,15592608,21:35,A,4.0,BLAKE ST,,['Pedestrian'],N,0,,False,False,1,0
555791,41.29773,-72.940923,15604704,20:37,A,2.0,1-N,WEST ST,['Pedestrian'],N,99,25.0,True,False,1,0
556879,41.286501,-72.936324,15602976,12:34,A,3.0,10-N,,['Bicyclist'],N,0,25.0,True,False,0,1
556879,41.286501,-72.936324,15602976,12:34,A,3.0,10-N,,['Bicyclist'],W,0,25.0,False,False,0,1
558523,41.30606,-72.942633,15609888,06:50,A,4.0,LEGION AV-RT 34,ORCHARD ST,['Pedestrian'],N,0,25.0,False,False,1,0
561391,41.383282,-72.906217,15588288,12:49,K,3.0,10-N,,"['Other Pedestrian (wheelchair, person in a building, skater, pedestrian conveyance)']",S,0,35.0,False,False,0,0
561628,41.313552,-72.92356,15610752,05:45,A,4.0,TRUMBULL ST,HILLHOUSE AV,['Pedestrian'],E,99,25.0,False,True,1,0
562450,41.315854,-72.872958,15622848,15:49,A,4.0,EASTERN ST,,"['Other Pedestrian (wheelchair, person in a building, skater, pedestrian conveyance)']",W,0,25.0,False,False,0,0
565779,41.275952,-72.868446,15617664,22:51,A,3.0,142-E,,['Bicyclist'],N,0,35.0,False,False,0,1
565779,41.275952,-72.868446,15617664,22:51,A,3.0,142-E,,['Bicyclist'],S,0,35.0,False,False,0,1
571473,41.347426,-72.937448,15615936,17:10,A,4.0,HELEN ST,ALENIER,['Pedestrian'],W,0,25.0,False,False,1,0
573171,41.307984,-72.89537,15649632,22:11,A,4.0,FERRY ST,,['Pedestrian'],N,0,25.0,False,False,1,0
573355,41.31494265,-72.89694676,15652224,19:14,K,4.0,FERRY ST,,['Pedestrian' 'Driver'],N,0,25.0,False,False,1,0
573770,41.291994,-72.942684,15653952,23:56,K,3.0,10-N,,['Pedestrian'],S,0,35.0,False,False,1,0
573770,41.291994,-72.942684,15653952,23:56,K,3.0,10-N,,['Pedestrian'],S,99,35.0,True,False,1,0
574479,41.286466,-72.879678,15408576,22:28,K,1.0,95-S,,['Pedestrian'],S,0,50.0,False,False,1,0
574479,41.286466,-72.879678,15408576,22:28,K,1.0,95-S,,['Pedestrian'],S,99,50.0,True,False,1,0
574479,41.286466,-72.879678,15408576,22:28,K,1.0,95-S,,['Pedestrian'],S,0,50.0,False,False,1,0
575727,41.292618,-72.921176,15659136,23:25,A,4.0,SARGENT DR,,['Pedestrian'],W,99,25.0,True,False,1,0
577103,41.334917,-72.979172,15662592,17:03,A,4.0,FOWLER ST,,['Bicyclist'],S,0,25.0,False,False,0,1
577103,41.334917,-72.979172,15662592,17:03,A,4.0,FOWLER ST,,['Bicyclist'],N,99,,False,False,0,1
580897,41.333155,-72.87194,15662592,03:42,K,3.0,17-N,,['Pedestrian'],S,0,25.0,False,False,1,0
580942,41.308687,-72.899278,15665184,23:03,K,4.0,GRAND AV,BLATCHLEY AV,['Pedestrian' 'Driver'],E,0,25.0,False,False,1,0
582092,41.316179,-72.938846,15678144,18:31,A,4.0,ORCHARD ST,,['Pedestrian'],S,0,25.0,False,False,1,0
584529,41.318922,-72.899291,15670368,21:10,A,2.0,5-N,,['Pedestrian'],S,0,25.0,False,False,1,0
584529,41.318922,-72.899291,15670368,21:10,A,2.0,5-N,,['Pedestrian'],,0,25.0,False,False,1,0
584529,41.318922,-72.899291,15670368,21:10,A,2.0,5-N,,['Pedestrian'],,0,25.0,False,False,1,0
591539,41.324116,-72.955827,15702336,22:18,A,3.0,10-N,,['Bicyclist'],,99,25.0,False,True,0,1
591539,41.324116,-72.955827,15702336,22:18,A,3.0,10-N,,['Bicyclist'],E,99,25.0,True,True,0,1
593621,41.31101,-72.87385,15672960,01:18,A,4.0,EASTERN ST,,['Pedestrian'],E,0,25.0,True,False,1,0
602291,41.343303,-72.941097,15429312,17:35,A,4.0,FAIRVIEW AV,JONES RD,['Occupant of a Non-Motor Vehicle Transportation Device'],E,0,1.0,False,False,0,0
602291,41.343303,-72.941097,15429312,17:35,A,4.0,FAIRVIEW AV,JONES RD,['Occupant of a Non-Motor Vehicle Transportation Device'],S,0,1.0,False,False,0,0
606719,41.31953,-72.934004,15723936,20:03,K,4.0,DIXWELL AV,,['Pedestrian'],N,0,25.0,False,False,1,0
610165,41.329022,-72.954199,15730848,17:18,A,4.0,FARNHAM AV,,['Bicyclist'],S,0,25.0,False,False,0,1
610165,41.329022,-72.954199,15730848,17:18,A,4.0,FARNHAM AV,,['Bicyclist'],S,1,,False,False,0,1
622139,41.2934,-72.944285,15755904,08:43,K,3.0,10-N,,['Pedestrian'],S,0,25.0,False,False,1,0
624965,41.304074,-72.936831,15758496,17:13,A,4.0,HOWARD AV,,['Pedestrian'],S,0,25.0,False,False,1,0
625001,41.298334,-72.949277,15762816,19:01,A,3.0,10-N,,['Bicyclist'],N,97,,False,False,0,1
625001,41.298334,-72.949277,15762816,19:01,A,3.0,10-N,,['Bicyclist'],N,97,,False,False,0,1
632772,41.283257,-72.880737,15713568,15:52,K,4.0,MAIN ST,,['Pedestrian'],E,99,25.0,False,False,1,0
633471,41.314223,-72.943471,15781824,17:03,A,4.0,SHERMAN AV,MAPLE ST,['Bicyclist'],S,0,88.0,,True,0,1
633471,41.314223,-72.943471,15781824,17:03,A,4.0,SHERMAN AV,MAPLE ST,['Bicyclist'],N,0,,False,False,0,1
636932,41.31592,-72.872867,15787872,18:41,A,4.0,EASTERN ST,BELLA VISTA DR,['Pedestrian'],E,0,25.0,True,False,1,0
638318,41.297479,-72.948871,15789600,17:41,A,3.0,10-N,1-N,['Pedestrian'],N,0,45.0,False,False,1,0
638320,41.299426,-72.949835,15789600,19:29,K,3.0,10-N,,['Pedestrian'],S,99,25.0,False,False,1,0
639176,41.315011,-72.921059,15790464,18:15,A,4.0,WHITNEY AV,,['Bicyclist'],N,0,25.0,True,False,0,1
639176,41.315011,-72.921059,15790464,18:15,A,4.0,WHITNEY AV,,['Bicyclist'],N,0,25.0,False,False,0,1
641684,41.317874,-72.945784,15796512,19:39,K,4.0,WHALLEY AV,,['Pedestrian'],W,0,25.0,False,True,1,0
646459,41.308227,-72.924171,15807744,07:00,A,4.0,ELM ST NO 2,CHURCH ST,"['Other Pedestrian (wheelchair, person in a building, skater, pedestrian conveyance)']",E,0,25.0,False,False,0,0
647892,41.246593,-72.966453,15764544,15:52,A,3.0,705-E,OCEAN AV NO 2,['Pedestrian'],E,0,30.0,False,False,1,0
648152,41.307602,-72.922638,15809472,14:21,A,4.0,ELM ST NO 2,ORANGE ST NO 1,['Pedestrian'],N,0,25.0,False,False,1,0
650125,41.3325,-72.935169,15812928,17:22,A,4.0,BASSETT ST,DIXWELL AV,['Pedestrian'],E,0,25.0,False,False,1,0
654482,41.297657,-72.940271,15818976,15:45,K,2.0,1-N,,['Pedestrian'],E,99,25.0,True,False,1,0
656526,41.331208,-72.874267,15824160,18:35,K,3.0,17-N,,['Pedestrian'],N,0,25.0,False,False,1,0
662293,41.3108773,-72.9303809,15831936,17:42,A,4.0,ELM ST NO 2,,['Pedestrian'],E,99,25.0,False,False,1,0
662738,41.308262,-72.967936,15785280,18:46,K,3.0,34-E,,['Pedestrian'],E,99,35.0,True,False,1,0
665212,41.292293,-72.931598,15672096,18:06,A,4.0,CASSIUS ST,,['Pedestrian'],E,0,25.0,True,False,1,0
671352,41.29304,-72.94393,15859584,19:56,K,3.0,10-N,,['Pedestrian'],N,0,25.0,False,False,1,0
671352,41.29304,-72.94393,15859584,19:56,K,3.0,10-N,,['Pedestrian'],,99,25.0,True,False,1,0
674778,41.344674,-72.934462,15814656,04:56,K,3.0,10-N,,['Pedestrian'],N,0,35.0,True,,1,0
677221,41.272357,-72.949795,15879456,21:37,A,4.0,CAMPBELL AV,MAIN ST,['Pedestrian'],S,0,25.0,False,False,1,0
677363,41.28191928,-72.95981313,15880320,12:20,A,4.0,WEST SPRING ST,KING ST,['Bicyclist'],W,0,25.0,False,False,0,1
677363,41.28191928,-72.95981313,15880320,12:20,A,4.0,WEST SPRING ST,KING ST,['Bicyclist'],E,0,25.0,False,False,0,1
681701,41.309043,-72.895161,15900192,16:26,K,4.0,GRAND AV,,['Bicyclist'],N,0,,False,False,0,1
681701,41.309043,-72.895161,15900192,16:26,K,4.0,GRAND AV,,['Bicyclist'],E,0,,True,False,0,1
689112,41.293478,-72.93085,15912288,11:29,A,4.0,CEDAR ST NO 1,,['Bicyclist'],S,0,25.0,False,False,0,1
689112,41.293478,-72.93085,15912288,11:29,A,4.0,CEDAR ST NO 1,,['Bicyclist'],S,0,25.0,False,False,0,1
689586,41.331039,-72.928019,15919200,12:57,A,4.0,BASSETT ST,NEWHALL ST,['Pedestrian'],,99,25.0,True,False,1,0
689586,41.331039,-72.928019,15919200,12:57,A,4.0,BASSETT ST,NEWHALL ST,['Pedestrian'],E,0,25.0,False,False,1,0
698400,41.308767,-72.925351,15945120,16:31,K,4.0,ELM ST NO 2,TEMPLE ST,['Pedestrian'],E,0,25.0,False,False,1,0
703078,41.310663,-72.941486,15947712,22:26,A,4.0,ORCHARD ST,CHAPEL ST,['Pedestrian'],N,0,25.0,True,False,1,0
712638,41.319622,-72.949975,15979680,21:20,A,3.0,10-N,,['Pedestrian'],E,0,25.0,False,False,1,0
712655,41.318932,-72.948681,15980544,22:47,A,4.0,WHALLEY AV,,['Pedestrian'],W,0,25.0,False,False,1,0
717110,41.297472,-72.948994,15988320,20:24,K,3.0,ELLA T GRASSO BLVD,US-1,['Pedestrian'],S,0,35.0,False,False,1,0
717819,41.318926,-72.899297,15990912,19:11,A,2.0,5-N,,['Pedestrian'],,0,25.0,False,False,1,0
717819,41.318926,-72.899297,15990912,19:11,A,2.0,5-N,,['Pedestrian'],S,0,25.0,True,False,1,0
723965,41.30931,-72.935447,16008192,15:45,A,4.0,CHAPEL ST,HOWE ST,['Pedestrian'],N,0,,False,False,1,0
724711,41.331853,-72.974067,16011648,01:39,K,3.0,63-N,,['Pedestrian'],N,99,25.0,True,False,1,0
724711,41.331853,-72.974067,16011648,01:39,K,3.0,63-N,,['Pedestrian'],N,99,25.0,True,False,1,0
724711,41.331853,-72.974067,16011648,01:39,K,3.0,63-N,,['Pedestrian'],N,99,25.0,True,False,1,0
727184,41.305286,-72.934188,16013376,10:03,A,4.0,YORK ST,,['Pedestrian'],,0,,False,False,1,0
727515,41.315907,-72.948789,16014240,18:57,A,4.0,ELLSWORTH AV,MAPLE ST,['Bicyclist'],S,0,25.0,False,False,0,1
727515,41.315907,-72.948789,16014240,18:57,A,4.0,ELLSWORTH AV,MAPLE ST,['Bicyclist'],N,0,25.0,False,False,0,1
727904,41.267773,-72.952299,16006464,17:07,A,4.0,CHESTNUT ST,,['Pedestrian'],W,0,1.0,False,False,1,0
727904,41.267773,-72.952299,16006464,17:07,A,4.0,CHESTNUT ST,,['Pedestrian'],W,0,1.0,False,False,1,0
728174,41.332274,-72.974683,16013376,12:12,A,3.0,63-N,,['Pedestrian'],W,0,25.0,False,False,1,0
728716,41.320655,-72.873441,16018560,20:28,A,3.0,80-E,103-N,['Pedestrian'],W,0,25.0,False,False,1,0
728996,41.304867,-72.934153,16019424,16:04,K,4.0,YORK ST,SOUTH FRONTAGE RD-RT 34,['Bicyclist'],E,0,,False,False,0,1
728996,41.304867,-72.934153,16019424,16:04,K,4.0,YORK ST,SOUTH FRONTAGE RD-RT 34,['Bicyclist'],E,0,25.0,False,False,0,1
730603,41.305997,-72.925726,16023744,01:55,A,4.0,CHURCH ST,CHAPEL ST,['Pedestrian'],E,99,25.0,True,False,1,0
730697,41.371028,-72.923968,16015968,19:21,A,4.0,MIX AV,,['Pedestrian'],S,99,25.0,True,False,1,0
731432,41.327747,-72.937191,16027200,19:58,A,4.0,SHERMAN PKWY,,['Pedestrian'],N,0,25.0,True,False,1,0
731432,41.327747,-72.937191,16027200,19:58,A,4.0,SHERMAN PKWY,,['Pedestrian'],N,0,25.0,False,False,1,0
732624,41.306348,-72.93901,16031520,15:00,A,4.0,LEGION AV-RT 34,DWIGHT ST,['Pedestrian'],S,0,25.0,False,False,1,0
738099,41.244854,-72.971222,16024608,12:09,A,4.0,COLONIAL BLVD NO 1,LAKE ST,['Pedestrian'],N,0,25.0,False,False,1,0
752718,41.274502,-72.973264,15998688,17:24,A,4.0,WEST SPRING ST,,['Pedestrian'],S,97,25.0,False,False,1,0
752760,41.309037,-72.895178,16045344,15:48,A,4.0,GRAND AV,,['Pedestrian'],W,0,25.0,False,False,1,0
757812,41.35231,-72.92192,16047072,08:18,A,4.0,TREADWELL ST,MARTIN TER,['Bicyclist'],N,0,25.0,False,False,0,1
757812,41.35231,-72.92192,16047072,08:18,A,4.0,TREADWELL ST,MARTIN TER,['Bicyclist'],W,0,25.0,False,False,0,1
758546,41.338649,-72.935231,16052256,20:30,A,3.0,10-N,,['Pedestrian'],S,99,35.0,True,False,1,0
763577,41.320428,-72.873137,16069536,04:27,A,3.0,80-E,,['Pedestrian'],W,0,25.0,True,False,1,0
763810,41.339743,-72.935095,16065216,16:42,A,3.0,10-N,,['Pedestrian'],N,0,30.0,False,False,1,0
763982,41.317554,-72.901279,16069536,19:37,A,4.0,WILLOW ST,BLATCHLEY AV,['Pedestrian'],S,0,25.0,False,False,1,0
767214,41.273459,-72.951048,16065216,18:13,A,4.0,CENTER ST,,['Pedestrian'],E,99,25.0,False,False,1,0
771021,41.376586,-72.915501,16027200,12:46,A,3.0,753-S,Shepard Av,['Bicyclist'],W,0,35.0,False,False,0,1
771021,41.376586,-72.915501,16027200,12:46,A,3.0,753-S,Shepard Av,['Bicyclist'],S,0,35.0,False,False,0,1
771021,41.376586,-72.915501,16027200,12:46,A,3.0,753-S,Shepard Av,['Bicyclist'],,99,99.0,,,0,1
771907,41.316828,-72.933256,16047936,11:40,A,4.0,DIXWELL AV,WEBSTER ST,"['Other Pedestrian (wheelchair, person in a building, skater, pedestrian conveyance)']",S,99,25.0,True,False,0,0
771907,41.316828,-72.933256,16047936,11:40,A,4.0,DIXWELL AV,WEBSTER ST,"['Other Pedestrian (wheelchair, person in a building, skater, pedestrian conveyance)']",N,0,25.0,False,False,0,0
775799,41.293541,-72.944533,16092000,18:00,K,3.0,10-N,,['Pedestrian'],S,0,25.0,False,False,1,0
789072,41.345646,-72.915054,16110144,17:58,A,4.0,PUTNAM AV,,['Pedestrian'],W,0,30.0,False,False,1,0
800785,41.356045,-72.928071,16142112,18:03,K,3.0,10-N,SAINT JAMES ST,['Pedestrian'],N,0,35.0,False,False,1,0
804358,41.34614,-72.92282,16186176,18:08,A,4.0,LEEDER HILL DR,,['Pedestrian'],W,0,30.0,False,False,1,0
824573,41.354675,-72.929246,16228512,21:16,A,3.0,10-N,,['Pedestrian'],S,0,35.0,False,False,1,0
824573,41.354675,-72.929246,16228512,21:16,A,3.0,10-N,,['Pedestrian'],S,0,35.0,False,False,1,0
832409,41.36960325,-72.924554,16258752,09:03,A,4.0,MIX AV,,['Pedestrian'],,0,1.0,False,False,1,0
832409,41.36960325,-72.924554,16258752,09:03,A,4.0,MIX AV,,['Pedestrian'],W,0,1.0,False,False,1,0
840591,41.25990084,-72.94569672,16291584,18:53,A,4.0,CAMPBELL AV,CAPTAIN THOMAS BLVD,['Bicyclist'],S,0,30.0,False,False,0,1
840591,41.25990084,-72.94569672,16291584,18:53,A,4.0,CAMPBELL AV,CAPTAIN THOMAS BLVD,['Bicyclist'],W,0,30.0,False,False,0,1
851412,41.271379,-72.973569,16268256,09:41,A,3.0,162-E,,['Pedestrian'],E,0,35.0,False,False,1,0
855817,41.260356,-72.967645,16335648,08:54,A,4.0,CHASE LA,,['Pedestrian'],N,0,25.0,False,False,1,0
870329,41.305872,-72.96695,16327872,19:54,A,3.0,122-N,,['Bicyclist'],,0,,,,0,1
870329,41.305872,-72.96695,16327872,19:54,A,3.0,122-N,,['Bicyclist'],S,0,35.0,False,False,0,1
877306,41.369424,-72.92512,16384896,17:30,A,4.0,MIX AV,,['Pedestrian'],S,0,30.0,False,False,1,0
880064,41.26183,-72.950776,16384032,17:15,A,4.0,SAVIN AV,,['Pedestrian'],S,0,25.0,True,False,1,0
884061,41.290925,-72.935108,16095456,22:10,A,4.0,ARTHUR ST,LAMBERTON ST,['Pedestrian'],W,0,25.0,True,False,1,0
884063,41.286383,-72.936246,16095456,22:46,A,3.0,10-N,745-E,['Pedestrian'],S,99,25.0,True,False,1,0
884066,41.32282,-72.947666,16096320,02:37,A,4.0,GOFFE TER,BELLEVUE RD,['Pedestrian'],N,0,25.0,False,False,1,0
884066,41.32282,-72.947666,16096320,02:37,A,4.0,GOFFE TER,BELLEVUE RD,['Pedestrian'],W,0,25.0,False,False,1,0
884066,41.32282,-72.947666,16096320,02:37,A,4.0,GOFFE TER,BELLEVUE RD,['Pedestrian'],E,0,25.0,False,False,1,0
884066,41.32282,-72.947666,16096320,02:37,A,4.0,GOFFE TER,BELLEVUE RD,['Pedestrian'],E,0,25.0,False,False,1,0
884066,41.32282,-72.947666,16096320,02:37,A,4.0,GOFFE TER,BELLEVUE RD,['Pedestrian'],E,0,25.0,False,False,1,0
884809,41.314101,-72.939902,16133472,15:48,A,4.0,ORCHARD ST,ELM ST NO 1,['Bicyclist'],W,0,25.0,False,False,0,1
884809,41.314101,-72.939902,16133472,15:48,A,4.0,ORCHARD ST,ELM ST NO 1,['Bicyclist'],N,0,,False,False,0,1
884809,41.314101,-72.939902,16133472,15:48,A,4.0,ORCHARD ST,ELM ST NO 1,['Bicyclist'],,0,25.0,False,False,0,1
885347,41.30652,-72.92701,16160256,17:40,K,4.0,TEMPLE ST,CHAPEL ST,['Pedestrian'],E,99,25.0,False,False,1,0
885429,41.33434,-72.980415,16165440,16:54,A,4.0,FOWLER ST,,['Pedestrian'],W,0,,False,False,1,0
885510,41.3079385,-72.9302852,16170624,14:35,A,4.0,CHAPEL ST,HIGH ST,['Pedestrian'],W,0,25.0,False,False,1,0
885683,41.289977,-72.940249,16178400,01:11,K,3.0,10-N,,['Pedestrian'],N,99,25.0,False,False,1,0
886016,41.313803,-72.92502,16194816,19:45,A,4.0,PROSPECT ST,TRUMBULL ST,['Pedestrian'],W,0,25.0,True,False,1,0
886047,41.3324,-72.975007,16197408,05:39,K,3.0,63-N,EAST RAMSDELL ST,['Pedestrian'],E,0,25.0,False,False,1,0
886091,41.283877,-72.95706,16397856,21:54,A,4.0,CAMPBELL AV,,['Pedestrian'],N,0,25.0,False,False,1,0
886499,41.30855033,-72.90195382,16216416,21:51,K,4.0,GRAND AVE,,['Pedestrian'],W,99,25.0,True,False,1,0
886579,41.29381,-72.944827,16220736,10:03,A,3.0,10-N,,['Bicyclist'],S,0,35.0,True,False,0,1
886579,41.29381,-72.944827,16220736,10:03,A,3.0,10-N,,['Bicyclist'],S,0,35.0,False,False,0,1
886667,41.308584,-72.901177,16225056,19:06,A,4.0,GRAND AV,,['Pedestrian'],E,97,25.0,True,False,1,0
887238,41.315638,-72.939572,16250112,20:56,A,4.0,WHALLEY AV,,['Pedestrian'],E,0,25.0,False,False,1,0
887304,41.29875,-72.935481,16252704,21:15,K,4.0,DAGGETT ST,,['Pedestrian'],S,99,25.0,True,False,1,0
887304,41.29875,-72.935481,16252704,21:15,K,4.0,DAGGETT ST,,['Pedestrian'],E,0,25.0,False,False,1,0
887304,41.29875,-72.935481,16252704,21:15,K,4.0,DAGGETT ST,,['Pedestrian'],S,0,25.0,False,False,1,0
887601,41.314567,-72.90074,16266528,21:22,A,4.0,LOMBARD ST,BLATCHLEY AV,['Bicyclist'],E,0,25.0,False,False,0,1
887601,41.314567,-72.90074,16266528,21:22,A,4.0,LOMBARD ST,BLATCHLEY AV,['Bicyclist'],N,0,25.0,False,False,0,1
887696,41.313605,-72.89824,16271712,03:31,A,4.0,POPLAR ST,,['Pedestrian'],N,0,25.0,True,False,1,0
887714,41.30423,-72.894418,16273440,01:09,A,4.0,FERRY ST,,['Bicyclist'],N,97,25.0,True,False,0,1
887714,41.30423,-72.894418,16273440,01:09,A,4.0,FERRY ST,,['Bicyclist'],N,0,25.0,False,False,0,1
887948,41.30475,-72.952236,16284672,20:17,A,3.0,10-N,,['Pedestrian'],N,0,35.0,False,False,1,0
888508,41.312185,-72.948273,16308864,21:53,K,4.0,CHAPEL ST,,['Pedestrian'],W,0,30.0,True,False,1,0
888550,41.298674,-72.929267,16310592,19:14,A,2.0,1-S,COLUMBUS AV NO 1,['Pedestrian'],W,99,25.0,True,False,1,0
888937,41.322323,-72.946239,16325280,23:49,A,4.0,GOFFE TER,,['Pedestrian'],W,99,25.0,True,False,1,0
889149,41.309196,-72.895483,16334784,19:45,A,4.0,FERRY ST,,['Pedestrian'],N,0,25.0,True,False,1,0
889186,41.31300755,-72.94822235,16336512,19:47,K,4.0,NORTON ST,STANLEY ST,['Pedestrian'],N,0,1.0,False,False,1,0
889415,41.305524,-72.924615,16347744,18:43,K,4.0,CHAPEL ST,,['Pedestrian'],E,0,25.0,False,False,1,0
889898,41.305319,-72.927932,16367616,01:57,A,4.0,TEMPLE ST,CROWN ST,['Pedestrian'],S,0,25.0,False,False,1,0
889898,41.305319,-72.927932,16367616,01:57,A,4.0,TEMPLE ST,CROWN ST,['Pedestrian'],S,0,25.0,True,False,1,0
891219,41.332996,-72.975461,16190496,13:54,A,3.0,63-N,WESTERLEIGH RD,['Pedestrian'],N,0,25.0,False,False,1,0
891224,41.297082,-72.892725,16204320,01:50,A,4.0,FARREN AV,FULTON ST,['Pedestrian'],S,0,25.0,False,False,1,0
891224,41.297082,-72.892725,16204320,01:50,A,4.0,FARREN AV,FULTON ST,['Pedestrian'],S,0,25.0,True,False,1,0
891311,41.3174,-72.94452,16356384,17:19,A,4.0,WHALLEY AV,WINTHROP AV NO 2,['Bicyclist'],E,0,25.0,False,False,0,1
891311,41.3174,-72.94452,16356384,17:19,A,4.0,WHALLEY AV,WINTHROP AV NO 2,['Bicyclist'],S,0,25.0,False,False,0,1
891352,41.30947,-72.92706,16396992,08:42,A,4.0,COLLEGE ST,ELM ST NO 2,['Pedestrian'],E,0,25.0,False,True,1,0
891529,41.2995398,-72.8921916,16404768,18:18,K,4.0,FARREN AV,,['Pedestrian'],S,0,25.0,True,False,1,0
892380,41.343138,-72.945598,16413408,08:33,A,4.0,PINE ROCK AV NO 2,WESTERFIELD RD,['Pedestrian'],S,0,25.0,False,False,1,0
894540,41.31137,-72.94456,16407360,19:32,A,4.0,CHAPEL ST,SHERMAN AV,['Bicyclist'],W,0,25.0,False,False,0,1
894540,41.31137,-72.94456,16407360,19:32,A,4.0,CHAPEL ST,SHERMAN AV,['Bicyclist'],S,0,25.0,True,False,0,1
896321,41.338322,-72.937911,16419456,17:48,A,3.0,10-N,BOWEN ST,['Pedestrian'],S,0,30.0,True,False,1,0
899281,41.387684,-72.900338,16426368,17:51,A,3.0,10-N,,['Pedestrian'],N,0,40.0,False,False,1,0
899812,41.316386,-72.904697,16432416,22:54,A,4.0,STATE ST,,['Pedestrian'],S,99,25.0,True,False,1,0
904515,41.29089,-72.941313,16440192,19:20,A,3.0,10-N,WASHINGTON AV NO 1,['Pedestrian'],S,99,35.0,True,False,1,0
909246,41.28820978,-72.88521599,15836256,06:00,K,2.0,Frontage Rd,,['Pedestrian'],S,0,,True,,1,0
911016,41.349786,-72.931962,16003008,01:16,K,3.0,10-N,,['Bicyclist'],S,0,30.0,,,0,1
911016,41.349786,-72.931962,16003008,01:16,K,3.0,10-N,,['Bicyclist'],S,0,30.0,,,0,1
912970,41.3694,-72.919171,16448832,19:01,A,3.0,10-N,,['Pedestrian'],N,0,1.0,False,False,1,0
912975,41.358875,-72.909874,16450560,18:26,A,3.0,707-N,,['Pedestrian'],N,0,35.0,False,False,1,0
918489,41.307319,-72.919239,16477344,14:32,A,4.0,GRAND AV,OLIVE ST,['Bicyclist'],S,0,25.0,False,False,0,1
918489,41.307319,-72.919239,16477344,14:32,A,4.0,GRAND AV,OLIVE ST,['Bicyclist'],E,0,25.0,False,False,0,1
920383,41.306082,-72.92587,16481664,06:30,A,4.0,CHAPEL ST,,['Pedestrian'],W,0,25.0,False,False,1,0
923255,41.31166683,-72.92543918,16362432,17:41,K,4.0,COLLEGE ST,GROVE ST,['Bicyclist'],S,99,25.0,,True,0,1
926446,41.27453,-72.97338,16491168,20:43,A,4.0,MELOY RD NO 1,,['Pedestrian'],W,0,25.0,False,False,1,0
928078,41.2871,-72.937,16507584,01:17,A,3.0,10-N,PLYMOUTH ST,['Pedestrian'],N,0,25.0,True,False,1,0
930777,41.273373,-72.957184,16500672,14:13,A,4.0,ELM ST,,['Pedestrian'],W,99,1.0,True,False,1,0
933069,41.306619,-72.952795,16521408,21:05,A,3.0,10-N,REV DR MLK JR BLVD,['Pedestrian'],N,0,25.0,False,False,1,0
940775,41.274055,-72.965111,16511904,08:58,A,3.0,162-E,,['Pedestrian'],N,0,30.0,False,False,1,0
942229,41.323802,-72.940655,16549920,02:54,A,4.0,CRESCENT ST,,['Pedestrian'],S,99,25.0,True,False,1,0
943431,41.293402,-72.944367,16189632,22:34,K,3.0,10-N,,['Pedestrian'],S,0,35.0,,,1,0
944267,41.314263,-72.900582,16555968,10:34,A,4.0,BLATCHLEY AV,,['Pedestrian'],E,0,,False,False,1,0
944693,41.25768388,-72.96154869,16499808,20:21,A,3.0,705-E,LINDEN ST,['Bicyclist'],E,0,25.0,False,False,0,1
944693,41.25768388,-72.96154869,16499808,20:21,A,3.0,705-E,LINDEN ST,['Bicyclist'],,97,25.0,False,False,0,1
946892,41.306131,-72.96732,16327872,19:54,K,3.0,122-N,,['Pedestrian'],S,0,35.0,,,1,0
947637,41.30492,-72.92661,16564608,09:27,A,4.0,CHURCH ST,CROWN ST,['Pedestrian'],N,0,25.0,False,True,1,0
959834,41.242843,-72.979076,16596576,20:02,A,4.0,SOUTH ST,,['Pedestrian'],N,0,25.0,False,False,1,0
963271,41.349679,-72.939984,16549056,11:37,A,4.0,LANGER ST,,['Pedestrian'],S,0,25.0,False,False,1,0
964443,41.2911,-72.93401,16606944,18:40,A,4.0,LAMBERTON ST,,['Pedestrian'],E,0,25.0,False,False,1,0
967139,41.31996,-72.89805,16619040,16:59,A,2.0,5-N,GRACE ST,['Pedestrian'],N,99,25.0,True,False,1,0
970263,41.320537,-72.951199,16621632,20:49,A,3.0,10-N,,['Pedestrian'],E,0,25.0,False,False,1,0
973503,41.3113,-72.94464,16632864,16:30,A,4.0,CHAPEL ST,SHERMAN AV,['Pedestrian'],S,0,25.0,False,False,1,0
974692,41.34907,-72.93238,16547328,09:03,A,3.0,10-N,NEWTON ST,['Pedestrian'],S,99,35.0,True,False,1,0
975073,41.26984,-72.94927,16625952,11:04,A,,CAMPBELL AVE,,['Pedestrian'],S,0,1.0,False,False,1,0
976713,41.2975,-72.949,16641504,05:26,A,3.0,10-N,1-N,['Pedestrian'],S,0,25.0,False,False,1,0
977278,41.3170276,-72.9421837,16642368,21:31,A,4.0,SHERMAN AV,,['Pedestrian'],S,0,25.0,False,False,1,0
977279,41.3136374,-72.8964999,16642368,22:56,A,4.0,FERRY ST,LIMERICK ST,['Pedestrian'],W,0,25.0,True,False,1,0
978917,41.319245,-72.947087,16644096,17:35,A,4.0,ELLSWORTH AV,,['Pedestrian'],N,0,25.0,False,False,1,0
979947,41.315203,-72.94313,16650144,19:30,A,4.0,SHERMAN AV,ELM ST NO 1,['Pedestrian'],W,99,25.0,True,False,1,0
981856,41.297809,-72.935515,16654464,21:47,A,2.0,1-N,,['Pedestrian'],W,99,25.0,True,False,1,0
982568,41.293648,-72.933143,16658784,19:55,A,4.0,HOWARD AV,,['Pedestrian'],S,99,25.0,True,False,1,0
982785,41.373252,-72.939464,16528320,22:17,K,4.0,PARADISE AV NO 5,,['Pedestrian'],N,0,30.0,True,False,1,0
986434,41.286552,-72.936488,16670016,21:56,K,3.0,10-N,,['Pedestrian'],S,0,25.0,True,False,1,0
990150,41.315934,-72.946852,16675200,10:01,A,4.0,NORTON ST,,['Pedestrian'],N,0,25.0,False,False,1,0
990156,41.328845,-72.965995,16675200,18:09,K,3.0,63-N,,['Pedestrian'],N,0,25.0,False,False,1,0
994746,41.372633,-72.917069,16680384,15:53,A,3.0,10-N,,['Pedestrian'],S,99,1.0,False,False,1,0
997829,41.317994,-72.93797,16695072,21:20,K,4.0,GOFFE ST,,['Pedestrian'],,99,25.0,True,False,1,0
999670,41.30356,-72.90869,16698528,16:57,A,4.0,CHAPEL ST,,['Pedestrian'],E,0,25.0,True,False,1,0
1000767,41.29668,-72.95536,16659648,22:00,A,2.0,1-N,,['Pedestrian'],W,0,35.0,False,False,1,0
1000864,41.272127,-72.952222,16677792,10:11,K,4.0,SAVIN AV,,['Pedestrian'],N,0,25.0,True,False,1,0
1001011,41.324488,-72.963401,16605216,17:07,A,4.0,ALDEN AV,WILLARD ST,['Bicyclist'],S,99,,True,False,0,1
1001011,41.324488,-72.963401,16605216,17:07,A,4.0,ALDEN AV,WILLARD ST,['Bicyclist'],E,99,,False,False,0,1
1001510,41.367397,-72.92124214,16684704,14:08,A,,2040 DIXWELL AVE,,['Pedestrian'],N,0,1.0,False,False,1,0
1003357,41.2963709,-72.95602547,16701120,17:23,A,2.0,1-N,,['Pedestrian'],E,0,25.0,True,False,1,0
1006419,41.31353,-72.93415,16716672,17:13,A,4.0,WHALLEY AV,DWIGHT ST,['Pedestrian'],E,99,25.0,True,False,1,0
1008114,41.32016,-72.8931,16718400,16:48,A,4.0,MIDDLETOWN AV,CLINTON AV,['Pedestrian'],S,0,25.0,True,False,1,0
1011670,41.301428,-72.92778,16716672,17:00,A,,18 TOWER LN,,['Pedestrian'],E,99,25.0,False,False,1,0
1016363,41.2783898,-72.8687505,16738272,13:49,A,,HEMINGWAY AVE,,['Pedestrian'],W,0,1.0,False,False,1,0
1016764,41.316077,-72.94079,16744320,18:12,K,4.0,WHALLEY AV,,['Pedestrian'],E,0,25.0,False,False,1,0
1017327,41.316358,-72.941685,16743456,19:00,A,4.0,WHALLEY AV,,['Pedestrian'],E,0,25.0,False,False,1,0
1018935,41.327679,-72.937174,16752096,03:03,K,4.0,SHERMAN PKWY,,['Pedestrian'],,99,25.0,True,False,1,0
1019557,41.340413,-72.935086,16593984,20:30,K,3.0,10-N,GEORGE ST,['Pedestrian'],N,0,35.0,False,False,1,0
1021017,41.321526,-72.929631,16758144,16:03,A,4.0,MUNSON ST,CANAL ST NO 1,['Pedestrian'],E,0,,False,False,1,0
1027723,41.261883,-72.894199,16531776,20:20,K,3.0,337-E,,['Bicyclist'],S,0,25.0,False,False,0,1
1027723,41.261883,-72.894199,16531776,20:20,K,3.0,337-E,,['Bicyclist'],W,0,25.0,False,False,0,1
1027795,41.3107053,-72.9299766,16773696,01:34,A,4.0,ELM ST NO 2,YORK ST,['Pedestrian'],E,0,25.0,False,True,1,0
1027795,41.3107053,-72.9299766,16773696,01:34,A,4.0,ELM ST NO 2,YORK ST,['Pedestrian'],E,0,25.0,False,True,1,0
1028635,41.372647,-72.914855,16770240,09:07,A,,2335 Dixwell Avenue,,['Pedestrian'],S,0,1.0,False,False,1,0
1028635,41.372647,-72.914855,16770240,09:07,A,,2335 Dixwell Avenue,,['Pedestrian'],S,99,1.0,False,False,1,0
1030352,41.30559,-72.93597,16785792,00:50,A,4.0,SOUTH FRONTAGE RD-RT 34,PARK ST,['Pedestrian'],S,0,25.0,False,False,1,0
1035804,41.308788,-72.909845,16800480,16:23,A,4.0,EAST ST,GRAND AV,['Pedestrian'],S,0,25.0,True,False,1,0
1040088,41.309568,-72.923399,16811712,15:29,A,4.0,WALL ST NO 2,CHURCH ST,['Pedestrian'],E,1,,False,False,1,0
1040753,41.27005461,-72.95783093,16813440,18:37,A,4.0,KELSEY AV,MAIN ST,['Pedestrian'],S,0,25.0,False,False,1,0
1043171,41.386008,-72.932039,16767648,04:44,A,4.0,PARADISE AV NO 5,,['Pedestrian'],,0,1.0,False,False,1,0
1045381,41.30517,-72.91985,16830720,18:48,A,4.0,OLIVE ST,COURT ST NO 2,['Pedestrian'],N,0,25.0,False,False,1,0
1045581,41.287598,-72.925503,16828992,18:27,A,4.0,LONG WHARF DR,,['Bicyclist'],E,0,25.0,False,False,0,1
1045581,41.287598,-72.925503,16828992,18:27,A,4.0,LONG WHARF DR,,['Bicyclist'],E,0,25.0,False,False,0,1
1045581,41.287598,-72.925503,16828992,18:27,A,4.0,LONG WHARF DR,,['Bicyclist'],E,0,25.0,False,False,0,1
1046022,41.3049,-72.925132,16832448,22:48,A,4.0,CENTER ST,,['Pedestrian'],W,0,25.0,False,False,1,0
1046382,41.2713,-72.973393,16827264,00:37,K,3.0,162-E,,['Pedestrian'],E,99,35.0,True,False,1,0
1053990,41.324981,-72.956858,16812576,13:00,A,3.0,63-N,10-N,['Bicyclist'],W,0,25.0,False,True,0,1
1053990,41.324981,-72.956858,16812576,13:00,A,3.0,63-N,10-N,['Bicyclist'],E,99,25.0,False,True,0,1
1055308,41.311494,-72.945109,16854912,21:09,A,4.0,CHAPEL ST,,['Pedestrian'],W,0,25.0,False,False,1,0
1057894,41.287464,-72.884431,16855776,22:55,A,1.0,95-N,,['Pedestrian'],N,0,35.0,False,False,1,0
1061221,41.299075,-72.860936,16721856,18:31,K,3.0,100-N,,['Pedestrian'],S,0,40.0,False,False,1,0
1062617,41.337288,-72.976561,16877376,16:38,A,3.0,69-N,,['Pedestrian'],E,99,25.0,True,False,1,0
1062624,41.297737,-72.941007,16876512,21:25,A,2.0,1-N,WEST ST,['Bicyclist'],W,0,25.0,False,True,0,1
1062624,41.297737,-72.941007,16876512,21:25,A,2.0,1-N,WEST ST,['Bicyclist'],N,99,25.0,True,False,0,1
1067913,41.314926,-72.910927,16892928,11:35,A,4.0,STATE ST,BISHOP ST,['Pedestrian'],S,0,25.0,False,False,1,0
1069408,41.298907,-72.918927,16898112,12:18,A,4.0,SARGENT DR,BREWERY ST,['Pedestrian'],,0,,False,False,1,0
1070408,41.321797,-72.859461,16894656,22:14,K,3.0,80-E,,['Bicyclist'],W,99,35.0,False,False,0,1
1070408,41.321797,-72.859461,16894656,22:14,K,3.0,80-E,,['Bicyclist'],W,99,35.0,False,False,0,1
1074697,41.328295,-72.917435,16914528,18:05,A,4.0,EDGEHILL RD,Highland St,['Pedestrian'],W,0,25.0,True,False,1,0
1075125,41.258851,-72.947808,16912800,01:27,A,,238 Altschuler Plaza,,['Pedestrian'],N,0,1.0,True,False,1,0
1075606,41.276975,-72.869576,16909344,15:16,A,3.0,100-N,,['Pedestrian'],E,0,25.0,False,False,1,0
1076016,41.362677,-72.923909,16902432,21:14,A,3.0,10-N,BENHAM ST,['Pedestrian'],,99,1.0,True,False,1,0
1078569,41.338228,-72.976588,16926624,10:57,A,3.0,69-N,,['Pedestrian'],W,0,25.0,False,False,1,0
